Date,1,5,16,288,388,823,883,2020,2269,2628
2020/12/31,54.5,40.65,100.1,6.53,430,70.85,7.22,123,102,17.12
2021/1/4,55.65,40.45,103.3,6.72,441.8,71.75,7.05,127,103.2,17.1
2021/1/5,56,40.15,106.6,7.17,457,73.1,7.06,129.4,101.9,16.9
2021/1/6,56.1,41.5,106.6,7.06,449,72.75,7.36,132.8,98,17.1
2021/1/7,57,43.4,106.6,6.89,443,71.45,7.25,130.7,94.95,17.1
2021/1/8,57.2,43.4,107.2,6.84,452,70.65,7.12,131.2,95,16.98
2021/1/11,56.65,43,108,6.7,450.2,69.9,7.16,128.2,97.1,16.74
2021/1/12,57.55,43.25,107.8,6.66,450.2,70.15,7.3,131.5,98.5,17.9
2021/1/13,58.1,42.75,108.3,6.72,453.4,70.6,7.7,130,98.7,17.88
2021/1/14,57.4,43,108,6.6,458,70.45,8.18,130.3,104.7,17.56
2021/1/15,56.85,42.95,108.6,6.55,458.4,69.45,8.09,129.5,103,17.64
2021/1/18,57.15,42.05,108.5,6.6,482,69.2,8.25,131.5,104.6,17.64
2021/1/19,58.2,43.8,111.5,6.93,501,69.55,8.43,143.9,110.8,17.94
2021/1/20,57.75,43.25,109.7,6.81,507,69,8.42,138.5,116.6,18.06
2021/1/21,57.55,44.35,109.7,6.78,515,69.1,8.26,135.5,114.4,18.2
2021/1/22,56.5,43.2,109,6.52,510.5,68.75,7.8,136.9,121.3,17.4
2021/1/25,54.9,42.8,108.1,6.5,553,68.3,7.79,135.7,120.9,17.32
2021/1/26,55.25,42.2,108.5,6.48,513,68.25,7.6,133.2,115.5,17.04
2021/1/27,56.1,42.75,108.6,6.45,509,68.15,8.06,130.6,111.8,17
2021/1/28,55.15,41.55,107.3,6.44,493.4,68.15,7.92,125.6,107.3,16.66
2021/1/29,53.7,40.95,106,6.3,497.4,67.7,7.62,128.3,109.1,16.46
2021/2/1,55.05,40.75,106.6,6.31,504,67.95,7.87,134.1,115.9,16.4
2021/2/2,54.95,40.95,106.2,6.29,521,67.25,8.17,138,120.4,16.62
2021/2/3,53.9,41.35,106,6.43,521,67.5,8.46,137.6,117.6,16.48
2021/2/4,53.5,41,105.5,6.27,511,67.8,8.45,137.9,117,16.36
2021/2/5,53.05,41.7,105.7,6.35,517,67.75,8.52,141.7,120.7,16.28
2021/2/8,52.5,41.35,106.1,6.3,518.5,67.25,8.59,142.7,118.9,16.2
2021/2/9,53.45,41.7,105.8,6.27,514.5,66.7,8.88,143.3,121.8,16.08
2021/2/10,53.5,42.6,107.2,6.3,534,66.7,8.79,146.5,124.3,16.36
2021/2/11,53.45,42.65,108.8,6.39,536,67.4,8.72,145.3,124.4,16.44
2021/2/16,55.2,45.75,111.9,6.5,548,68.85,9.54,147.1,124,16.68
2021/2/17,55.55,46.05,111,6.53,563.5,68.75,9.97,147.1,122.7,17.1
2021/2/18,55.1,46.4,111.1,6.51,565.5,69.6,10.12,143.1,116.4,16.82
2021/2/19,55.3,45.55,113.9,6.49,567,70.15,9.91,143.7,117.2,16.96
2021/2/22,56.4,46.5,118.3,6.8,562.5,69.8,10.06,136.8,107.9,16.74
2021/2/23,58.1,46.7,124.3,6.7,558,71.85,10.4,134.1,107.2,16.92
2021/2/24,59.1,46.1,121,6.72,509,72.5,9.64,127.6,102.2,16.76
2021/2/25,61.75,47.65,125,6.96,500,74.25,9.86,125.9,104.3,16.84
2021/2/26,58.6,47.3,124.6,6.96,473.2,73.2,9.25,119,96.05,16.36
2021/3/1,58.8,46.1,120,6.86,489.6,71.35,9.15,128.2,102.3,16.3
2021/3/2,57.8,45.05,119.2,6.89,487.6,71.25,8.84,124.4,99.8,16.18
2021/3/3,58.4,46.25,120,7,498,70.85,9.16,127.4,102.4,16.6
2021/3/4,59.15,46.55,119.1,7.02,483,70.55,9.09,119.6,92,16.4
2021/3/5,59.25,46.1,119.2,7,479.8,70.65,9.31,121.5,89.5,16.36
2021/3/8,60.55,47.75,118.9,7.21,455.4,71.2,9.5,114.2,80.85,16.54
2021/3/9,63.5,48.75,120.3,7.16,440.8,72.45,9.26,118.7,83.15,16.62
2021/3/10,61.55,47.75,119.2,7.39,444.8,72.6,9.02,121.4,87.9,16.5
2021/3/11,61.7,46.9,117.9,7.43,461.2,71.85,9.3,126.5,94.35,16.48
2021/3/12,61.05,45.75,118.2,7.23,453.6,71.85,8.98,123.5,91.2,16.32
2021/3/15,63.35,46.5,117.3,7.22,446,71.8,9.12,118.1,86.5,16.4
2021/3/16,62.65,45.8,116.8,7.29,453.2,71.25,9.07,121.1,91.25,16.44
2021/3/17,62.05,45.75,117.1,7.19,454.6,71.3,8.95,121.8,92.8,16.4
2021/3/18,62.9,46.8,117.7,7.18,470,70.5,8.77,125.5,95.25,16.38
2021/3/19,60.35,46.8,115.9,7.04,467,69.95,8.36,120.4,90.2,16.28
2021/3/22,62.5,46,116.2,7.08,456.2,70.05,8.34,120.3,90.35,16.3
2021/3/23,62.8,45.35,117,6.99,449,70,8.26,117.7,87.4,16.22
2021/3/24,61,44.35,113,6.96,435.8,69.85,8.11,111.9,87.95,16.08
2021/3/25,60.5,44.75,112.2,7.02,449.6,69.9,8.08,121.3,91.9,16.06
2021/3/26,61.05,44.85,114.1,7.09,463.2,69.75,8.4,128.1,98,16.04
2021/3/29,62.1,45.1,116.2,7.04,466.8,70.5,8.28,123.7,96.25,16.16
2021/3/30,62.25,45.45,122,7.22,463.6,72.6,8.23,125,98.25,16.18
2021/3/31,61.95,45.5,117.8,6.3,457.4,70.8,8.13,126.8,97.35,16.06
2021/4/1,62.45,45.35,117.8,6.7,468.6,70.35,8.11,130.6,105.1,16.14
2021/4/7,62.35,45.9,117.2,6.89,457.4,70.4,8.14,130.9,106.6,16.02
2021/4/8,63.5,46.85,118.1,7.01,464.2,70.6,7.82,135.2,107.2,15.98
2021/4/9,63.25,46.55,118.4,6.92,462.8,70.5,7.91,131,102,15.84
2021/4/12,62.15,45.8,118,6.79,456.6,70.45,7.98,134.2,102.7,15.8
2021/4/13,62.7,46,119.5,6.64,454,71.9,7.91,135.9,102.1,15.76
2021/4/14,63.35,46.15,122.6,6.68,461.4,73.9,8.05,140.5,107,15.78
2021/4/15,63.6,45.65,121.1,6.7,463.4,74.6,8.18,141.9,104.8,15.54
2021/4/16,63.75,45.2,119.3,6.77,467,75.2,8.43,140.5,105,15.74
2021/4/19,64.5,46,119.4,6.68,479.6,74.3,8.39,140,108.3,15.74
2021/4/20,64.9,46.1,119.8,6.72,486.8,74.6,8.36,142.2,108.6,15.74
2021/4/21,63.55,45.2,119.1,6.69,479.6,74.1,8.23,131.3,107.6,15.58
2021/4/22,64.2,44.85,118.8,6.71,478.8,74.6,8.19,135.6,110.2,15.76
2021/4/23,63.95,44.8,119.4,6.68,484.8,74.9,8.18,137.6,115,15.76
2021/4/26,64.1,45.1,118.6,6.63,491.4,74.25,8.17,136.2,114.8,15.62
2021/4/27,63.85,46,118.1,6.66,490,73.25,8.13,136.2,107.9,15.66
2021/4/28,63.55,47.45,118.7,6.87,488.8,72.8,8.14,141.7,110.2,15.68
2021/4/29,64.55,48.3,119.1,6.97,480,73.3,8.24,141.2,111.8,15.92
2021/4/30,63.7,48.85,117.3,6.79,470,73.45,8.24,139.5,109.5,15.82
2021/5/3,62.7,47.3,116.9,6.73,465,73,8.16,138.4,108.2,15.5
2021/5/4,63.75,48.15,117.6,6.75,470.4,72.8,8.29,142.7,107.7,15.66
2021/5/5,63.9,48.4,116.9,6.83,468.8,72.4,8.44,139.5,103.3,15.74
2021/5/6,64.2,49.15,117.7,6.89,467,73.6,8.64,145,106.3,15.86
2021/5/7,64.35,49.1,118.6,6.87,454.4,74.1,8.72,144.2,101.8,15.92
2021/5/10,65.75,49.15,119.8,6.85,456,75.15,9.12,139.6,103.2,15.98
2021/5/11,64.1,48.35,117.9,6.76,444.2,74.55,8.8,136.8,103.6,15.76
2021/5/12,63.5,47.95,116.7,6.72,447.2,73.75,8.83,139.8,106.6,15.64
2021/5/13,62.65,47.8,114.5,6.74,440.2,72.9,8.63,137.5,103.5,15.42
2021/5/14,62.3,48.75,114.6,6.74,442.2,73.2,8.6,138.3,105.5,15.9
2021/5/17,62.85,48.55,114.6,6.7,445,72.35,8.54,141.8,107.9,15.88
2021/5/18,62.15,49.2,117.5,6.8,454.2,74.35,8.81,141.1,109.9,16
2021/5/20,62.05,48.45,118.9,6.66,457.6,74.05,8.5,145.1,108.2,16
2021/5/21,61.45,48.55,119,6.68,453.6,73.7,8.44,148.6,110.7,15.98
2021/5/24,60.75,48.9,117.4,6.66,450.4,74.05,8.48,150.9,109.8,16.02
2021/5/25,60.8,49.2,117.7,6.74,474.6,74.7,8.56,156.2,116.3,16.46
2021/5/26,61.8,49.1,119.7,6.73,482.8,75.3,8.53,156,118.5,16.48
2021/5/27,61.45,48.95,121,6.82,483,74.85,8.46,157.5,121.2,16.38
2021/5/28,61.8,50.8,121.2,6.69,477.4,74.85,8.5,156.5,115.1,16.44
2021/5/31,60.75,49.3,119.2,6.63,485.8,73.9,8.43,158.4,121.3,16.36
2021/6/1,60.4,49.75,120.3,6.65,487.8,74.3,8.71,162,124.7,16.2
2021/6/2,61.05,49.15,120.5,6.93,484.4,74.75,8.78,157.9,120.9,16.12
2021/6/3,60.25,48.8,119.2,6.93,475.8,74.4,8.55,155.9,119.3,15.96
2021/6/4,60.1,48.55,118,6.8,478.4,74.1,8.52,157.5,121.1,15.88
2021/6/7,60.4,48.7,119,7.33,471.4,74.35,8.72,159.7,119.6,15.88
2021/6/8,59.5,48.9,120.2,7.36,470,75.75,8.76,157.3,119.5,15.92
2021/6/9,60,48.4,122.2,7.31,466.4,75.75,9.02,154.9,122.4,15.92
2021/6/10,59.9,47.65,123.1,7.22,467,76.85,9.02,153.8,124,15.84
2021/6/11,59.8,47.6,122,7.17,468.2,76.85,9.14,158.4,124.8,15.72
2021/6/15,59.4,47.35,120.9,7.1,464.4,76.1,8.92,162.7,121,15.58
2021/6/16,59.5,48.1,119.9,7.1,463.6,76.2,8.9,160,116.9,15.6
2021/6/17,59.3,48.3,119.4,7.07,462.6,75.55,8.84,165.4,120.8,15.6
2021/6/18,59.6,47.2,119.7,7.11,469.8,78.2,8.66,176,132.1,15.56
2021/6/21,58.9,45.55,119,7.01,460,77.8,8.67,173.4,137.4,15.38
2021/6/22,59.8,45.75,118.7,6.99,451.8,77.3,8.91,176.4,135.1,15.38
2021/6/23,61.6,46.05,118.3,6.97,459.2,78.2,8.96,182.1,139,15.54
2021/6/24,61.35,45.9,118,6.94,459.6,78.25,8.97,179.6,138.8,15.56
2021/6/25,61.55,46.1,117.9,6.92,473.6,78,9.2,179.9,142.3,15.74
2021/6/28,62.1,45.9,117,7,473.8,77.85,9.09,189.7,145.6,15.66
2021/6/29,60.75,45.25,115.7,6.96,468.6,75.95,8.83,188,144.1,15.5
2021/6/30,60.5,44.85,115.7,6.98,462.8,75.25,8.83,182.8,142.3,15.4
2021/7/2,60.1,44.85,115,6.89,455.8,74.65,8.92,175.9,139.5,15.32
2021/7/5,60.45,45.15,115.8,6.98,455.6,76.5,8.99,177.8,138,15.32
2021/7/6,60,45.25,114.4,6.85,466.2,76.25,9.12,177.4,126.4,15.36
2021/7/7,59.2,44.6,114.5,6.85,491,75.55,8.9,182.4,134.5,14.42
2021/7/8,58.05,43.95,113.3,6.7,490,74.75,8.4,173.5,128,13.92
2021/7/9,57.65,43.55,113.5,6.61,490,74.15,8.41,185.4,134.4,13.92
2021/7/12,58.1,43.9,115,6.54,503,75,8.37,184.4,135.5,13.78
2021/7/13,58.75,45.05,116.3,6.61,506,75.35,8.39,185,131.3,13.96
2021/7/14,57.9,44.35,114.9,6.47,507,74.4,8.3,185.6,139.8,13.78
2021/7/15,58.75,44.15,117.2,6.53,505,75.1,8.23,189,137.7,14
2021/7/16,58.65,43.75,116.8,6.58,524,75.6,8.12,186.5,139.9,14.02
2021/7/19,57.9,42.75,115.1,6.31,522,74.55,7.98,184.8,139.6,13.74
2021/7/20,57.15,42.05,113.7,6.27,521,74.6,7.84,183.7,138,13.58
2021/7/21,56.9,42.35,114.5,6.2,535,74.95,7.84,179.5,131.8,13.5
2021/7/22,57.8,43.3,115.6,6.32,540,75.8,8.11,177.9,133.8,13.68
2021/7/23,57.35,42.95,115.4,6.29,521,75.3,8.09,169.8,129.7,13.56
2021/7/26,57.35,42.35,114.5,6.21,500,75.05,7.88,166.1,117,13.12
2021/7/27,57.85,43.1,113,6.01,467.2,75.4,7.77,156.5,107.9,12.72
2021/7/28,57.5,42.75,112.9,6.01,472.6,75.8,7.74,172.1,119.1,12.86
2021/7/29,57.45,42.9,112.7,6.21,500,75,7.79,174,124.6,13.04
2021/7/30,56.8,43.05,111.3,6.44,496,74.3,7.7,169.3,118.5,12.98
2021/8/2,57.2,43.45,112.8,6.53,517.5,75,7.8,169.3,121.1,13.12
2021/8/3,56.7,42.9,112.1,6.59,518,74.6,7.8,173.8,126.2,13.16
2021/8/4,56.35,43.15,112.2,6.42,518,74.25,7.81,181.9,131.3,13.1
2021/8/5,56.4,43.3,110.9,6.4,522,73.95,7.85,177.2,129.8,13.06
2021/8/6,57.85,43.2,111.4,6.29,529.5,73.8,8.09,170.9,123.5,12.96
2021/8/9,57.5,43.8,110.8,6.46,521,73.4,8.07,165.9,125.5,13
2021/8/10,57.35,43.8,109.5,6.4,515.5,72.6,8.07,172,127.5,13.06
2021/8/11,57.55,44.05,110.6,6.43,517.5,72.5,8.14,169.2,123.5,13.16
2021/8/12,58.05,44.3,111,6.36,499.2,72.6,8.23,167.8,120.1,13.02
2021/8/13,57.7,44.2,109.8,6.57,501,72.95,8.26,166.4,122.4,12.96
2021/8/16,58.05,44.35,110.7,6.73,489.2,73.3,8.26,169.7,121,13.12
2021/8/17,57.85,43.85,110.2,6.71,474.8,73.25,8.07,162,113.7,13
2021/8/18,58.45,43.4,112.2,5.95,482.4,73.6,8.26,164.1,112.6,13.28
2021/8/19,57.5,42.35,111.4,5.57,472.6,72.9,8.11,167.4,113.8,12.92
2021/8/20,56.75,42.05,113,5.84,463.2,74,7.9,161,105.3,12.84
2021/8/23,57.2,42.4,113.1,6.12,489.4,73.3,7.79,170.1,113,12.86
2021/8/24,57.05,41.75,112.5,6.07,490.2,72.8,7.83,171.2,121.7,12.98
2021/8/25,57.5,42,110.7,6.17,491,71.95,7.81,159.5,121.1,12.98
2021/8/26,57.4,42.15,110.6,6.15,486.8,71.6,7.73,154.9,116.9,12.94
2021/8/27,56.55,42,110.3,6.26,485.8,71.5,7.74,154.2,116,13.08
2021/8/30,56.9,41.65,110.6,6.31,491.6,71.95,7.8,158.8,119.8,13
2021/8/31,56.75,41.45,109.6,6.75,490.8,71.55,7.77,160,120.4,13.02
2021/9/1,57,41.8,109.8,6.65,494.2,71.3,7.94,162.5,116.8,13.36
2021/9/2,56.9,41.35,109.3,6.34,498.4,71.75,7.67,158.8,114,13.38
2021/9/3,57.05,41.45,108.3,6.11,487.6,71.15,7.7,160.4,115.8,13.46
2021/9/6,56.05,41.4,108.8,6.14,498,70.95,7.77,156.9,120.3,13.5
2021/9/7,55.05,41,108.6,6.03,503,70.55,7.81,159.8,120.1,13.54
2021/9/8,54.8,40.45,108.8,5.76,498,70,7.73,165.9,122,13.4
2021/9/9,54,40.4,109.6,5.85,492.2,69.9,7.87,161.6,119.8,13.22
2021/9/10,55.25,40.9,110.9,5.98,504,70.05,8.07,166.8,118.6,13.42
2021/9/13,55.2,40.7,109.9,5.88,508,69.3,8.29,161.4,115.2,13.44
2021/9/14,54.6,40.2,107.9,5.71,504.5,69.1,8.24,159,117.3,13.28
2021/9/15,54.3,40.1,106.8,5.72,504.5,68,8.22,156.5,117.4,13.2
2021/9/16,53.7,40,105.2,5.64,492.2,66.95,8.23,152,116.4,13.1
2021/9/17,52.5,40.25,105.4,5.73,491.8,66.65,8.07,156.7,123.1,12.94
2021/9/20,51,39,94.5,5.58,478.8,64.65,7.83,148.7,121.3,12.44
2021/9/21,51.7,38.8,96.1,5.55,484.4,64.75,7.8,151.2,121.5,12.52
2021/9/23,52.1,39.75,98.75,5.54,484.4,66.1,8.03,145.5,120.5,12.74
2021/9/24,51.25,39.7,95.7,5.5,476.4,65.25,8.07,142.3,117.8,12.7
2021/9/27,50.9,40.3,94.75,5.47,475,64.55,8.48,139.1,121.9,12.7
2021/9/28,50.75,40.85,95,5.5,474,64.15,8.97,142.5,125.6,12.74
2021/9/29,52.05,41.25,98.4,5.58,474.8,65.25,8.73,146,125.8,12.84
2021/9/30,51.95,40.95,97.4,5.55,479.8,66.75,8.7,146.8,126.5,12.78
2021/10/4,51.75,40.5,97.35,5.38,475.2,65.75,8.74,140.2,115.6,12.64
2021/10/5,52.25,41.1,98,5.34,474,65.8,8.96,140.6,117.8,12.66
2021/10/6,52.35,42.45,99.6,5.16,471.2,65.15,9.17,133.5,115.6,12.7
2021/10/7,52.25,43.25,102,5.3,478.8,65.9,8.85,134.6,119,12.94
2021/10/8,52.6,43.85,101.7,5.38,472,66.5,8.9,131.4,112,13.48
2021/10/11,52.95,45,101.1,5.38,471.2,66.7,8.9,125.5,112.1,13.8
2021/10/12,52.6,44.95,100.9,5.1,462.2,67.25,8.69,122.9,108.4,13.7
2021/10/15,52.5,46.05,102,5.1,469,68.4,8.68,121.4,109.4,13.72
2021/10/18,52.7,46.2,101.9,5.13,470.6,68.2,8.8,126.8,114.9,13.72
2021/10/19,53.3,46.15,102,5.26,482.8,68.4,8.8,130.9,117.9,13.96
2021/10/20,53.25,46.35,102,5.16,490.8,68.1,8.6,129.5,116.7,13.98
2021/10/21,53.25,46.5,103.1,5.15,481.4,67.9,8.69,130.4,113.1,14.28
2021/10/22,52.95,46.5,103.4,5.15,480,68.4,8.55,134.2,113.3,14.24
2021/10/25,52.9,46.7,102.8,5.27,484.2,68.55,8.66,129.3,117.7,14.2
2021/10/26,52.8,47.5,102.2,5.23,481.8,68.15,8.56,126.9,120,14.14
2021/10/27,52.6,47.85,102.1,5.28,474.8,68.4,8.52,123.6,117.5,14.1
2021/10/28,52.7,47,102.5,5.3,467.6,69.5,8.44,122.8,115.2,14
2021/10/29,52.35,47.15,103.5,5.46,470.8,69,8.58,121.6,118.4,13.56
2021/11/1,52.2,46.95,102.4,5.35,468.2,68.65,8.54,119.7,111.5,13.66
2021/11/2,52.5,47.05,102.2,5.46,464,68.6,8.47,118.7,112,13.62
2021/11/3,52.8,46.85,102.2,5.43,462.8,67.9,8.41,122.2,110.2,13.56
2021/11/4,51.8,47.15,102.9,5.44,464.4,68.75,8.34,124.7,104.8,13.5
2021/11/5,51.95,45.45,103.3,5.47,466,68.7,8.16,125.1,101.9,13.4
2021/11/8,52.75,45.7,99.4,5.4,466.8,69.75,8.21,123.8,93.1,13.74
2021/11/9,52.7,45.55,98.85,5.33,465,69.5,8.18,128.2,102.6,13.66
2021/11/10,52.65,45.3,99.8,5.32,464,70.4,8.2,128,104,13.58
2021/11/11,52.85,45.45,100.8,5.37,464.6,71.95,8.13,131.2,105.7,13.86
2021/11/12,52.6,45.3,100.2,5.34,465,71.5,8.15,133.1,105,13.9
2021/11/15,52.3,45.2,100.7,5.35,465.2,71.5,8.12,132.4,107.7,13.82
2021/11/16,52.55,45.8,101,5.38,466,71.85,8.17,136.1,110.2,13.88
2021/11/17,52.5,46,100.4,5.35,461.6,71.1,8.12,137.2,112.4,13.82
2021/11/18,52.25,46.05,99.85,5.29,464.8,71.2,8.06,135.5,111.3,13.76
2021/11/19,52.1,46.05,100.5,5.21,464.4,71.45,8.1,135.5,110.6,13.74
2021/11/22,52.45,45.55,100.5,5.21,463.2,69.75,7.96,136.5,105.7,13.72
2021/11/23,52.3,45.5,99.7,5.2,457.8,69.85,7.91,130,101.3,13.72
2021/11/24,52.45,46.1,99.95,5.19,453,70.75,7.95,131.5,104,13.7
2021/11/25,52.2,46.15,99.1,5.16,454.8,71.05,7.95,128.2,104.1,13.58
2021/11/26,51.55,44.35,96.7,5.11,448.6,69.3,7.78,126.1,103.4,13.2
2021/11/29,50.5,43.75,96.75,5.1,445,68.7,7.75,122.9,106.4,13.08
2021/11/30,48.85,42.95,94.8,4.89,430,67.6,7.66,124.2,106.2,12.84
2021/12/1,49.4,43.5,94.45,4.81,434.8,66.5,7.78,125.5,107.7,12.96
2021/12/2,49.3,44,94.65,4.79,432,67,7.8,126.7,102.5,13.08
2021/12/3,49.95,44.85,95.75,4.77,450.8,66.6,7.71,127.2,103.2,13.12
2021/12/6,50.3,44.85,95.4,4.87,456,67.15,7.72,123.8,95.9,13.08
2021/12/7,50.75,45.65,95.5,4.93,472.8,66.9,7.77,125.7,97,13.42
2021/12/8,50.1,45.5,95.8,4.92,471.2,67.15,7.75,127.5,101.8,13.32
2021/12/9,50.4,45.3,96.8,5,471.2,68.05,7.74,129.7,105,13.52
2021/12/10,49.9,45.2,96.6,4.9,468.2,67.65,7.74,129,100.5,13.32
2021/12/13,49.9,45.1,95.45,4.88,472.8,67.35,7.75,125.6,98.2,13.3
2021/12/14,49.8,44.5,94.6,4.88,462.8,67.3,7.68,125.8,97.95,13.02
2021/12/15,49.8,44.95,93.9,4.86,455.8,67.35,7.7,119.7,79.1,12.98
2021/12/16,49.85,45.15,93.65,4.81,457,67.65,7.75,119.2,88.05,12.98
2021/12/17,49.85,46.4,93.6,4.88,453,66.75,7.88,114.7,89.15,13.04
2021/12/20,49.7,45.5,92.6,4.9,443.8,66,7.82,109.6,85.15,12.94
2021/12/21,49.4,45.45,93.1,4.97,447.6,66.2,7.79,110.2,88.7,12.88
2021/12/22,49.35,45.7,93,5,448,66.45,7.87,116.1,88,12.92
2021/12/23,49.75,46.2,93.5,4.98,452,66.75,8.02,114.9,87.75,12.96
2021/12/24,49.8,46.45,93.75,4.93,453.8,67.85,8.13,115.2,87.3,12.9
2021/12/28,51,46.6,94.8,5.06,455.4,67.9,8.17,117.6,88.85,13.1
2021/12/29,51.15,46.85,95,5.05,453.6,67.95,8.13,116.6,87.45,13.06
2021/12/30,51.2,46.9,95.2,4.9,454.2,68.6,8.03,117.8,90,12.9
2021/12/31,50.3,46.9,94.6,4.89,455.4,68.65,8.03,116.9,92.55,12.92
2022/1/3,51.3,46.85,94.55,4.93,454.6,68.65,8.09,114.7,87.2,13
2022/1/4,51.4,47.8,94.7,5.05,449.6,69.35,8.2,112.6,82.85,13.06
2022/1/5,52.55,49.15,94.6,5.1,440.2,68.6,8.4,110.1,79.3,13.14
2022/1/6,52.55,49,93.7,5.03,435,68,8.54,111.4,78.35,13.16
2022/1/7,52.95,50.1,94.1,5.04,449.4,67.9,8.59,107.8,80.75,13.46
2022/1/10,54.05,51.7,95,5.25,458.2,67.9,8.54,111,82.7,13.24
2022/1/11,54,51.95,95.1,5.1,452.6,67.35,8.57,107.9,87.65,13.26
2022/1/12,54.2,52.75,94.75,4.98,461.8,67.1,9.15,114,92.75,13.34
2022/1/13,55,53.65,94.4,4.93,456.6,66.9,9.24,115.8,91.25,13.58
2022/1/14,54.95,54.55,94.4,4.89,452.8,67.15,9.2,114,92.3,13.46
2022/1/17,55.45,55,94.4,4.82,450.8,67.05,9.3,112.4,90.2,13.46
2022/1/18,55.7,54.55,94.55,4.85,452.6,66.95,9.35,115,89.2,13.52
2022/1/19,55.35,54.7,94.7,4.96,456.4,67,9.43,112.7,86.85,13.68
2022/1/20,55.4,54.4,95.05,5.13,474.2,68.15,9.31,120,91.35,14.2
2022/1/21,55.75,53.25,97.5,5.24,480.8,68.85,9.28,123,89.6,14.1
2022/1/24,56.45,53.3,97.05,5.23,473.4,68.75,9.35,121.3,87.65,14.04
2022/1/25,56.2,52.35,95.4,5.15,467.8,68,9.24,121,85.55,13.9
2022/1/26,55.7,53.9,95.4,5.14,461.4,68.05,9.41,121.1,79.7,13.84
2022/1/27,55.15,54.65,95.4,5.09,455.4,67.6,9.31,117.4,77.2,13.66
2022/1/28,55.05,55.6,94.95,5.1,436.4,66.75,9.34,115.6,74.3,13.5
2022/1/31,55.2,55.1,94.6,5.22,440,66.75,9.37,117.1,75.6,13.62
2022/2/4,55.55,57.9,96.7,5.15,442.6,67.05,9.5,123.9,79.55,13.9
2022/2/7,55.5,57.9,96.95,5.3,445.6,67.2,9.9,125,80.6,14.02
2022/2/8,56.6,58.8,97,5.5,441.6,67.7,9.79,123.7,62.25,14.18
2022/2/9,56.9,59.3,98.2,5.55,449.8,68.3,9.86,129.4,61.6,14.3
2022/2/10,58.9,58.75,98.6,5.71,449.8,68,9.86,129.7,58.3,14.46
2022/2/11,59.9,59,98.6,5.66,444.4,66.8,9.95,128.9,56.7,14.94
2022/2/14,59.75,59,97.55,5.73,437.4,66.5,9.96,127.6,56,14.48
2022/2/15,59.1,58,98.5,5.72,437.2,66.5,9.7,127.2,61.65,13.98
2022/2/16,59.1,58.5,99,5.66,439.6,66.55,9.82,129.8,61.1,13.98
2022/2/17,60.15,58,99.2,5.71,437.4,65.65,9.83,129.9,64.8,13.72
2022/2/18,59.75,58,98.6,5.73,434.2,65.95,9.87,124.2,62.55,13.76
2022/2/21,59.25,58.55,97.75,5.69,430.8,65.45,10,127,62.45,13.76
2022/2/22,58.1,56.45,95.65,5.62,418.2,64.75,10.06,122.9,59.2,13.56
2022/2/23,58.4,58.1,95.3,5.66,417.2,65,10.02,122,62.1,13.56
2022/2/24,56.05,56.15,93.95,5.47,394.6,63.8,10.12,117.3,61.75,13.16
2022/2/25,55.65,54.75,92.65,5.5,390,63.5,9.8,119.7,64.2,12.98
2022/2/28,54.75,54.1,90.9,5.45,377.6,63.1,9.97,118.9,64.25,12.96
2022/3/1,54.35,54,90.4,5.49,376,62.3,10.02,120.3,67.35,13.06
2022/3/2,52.4,51.2,89.9,5.4,363.8,61.75,10.36,115.6,66.05,12.86
2022/3/3,52.5,53.3,91.1,5.42,363.2,61.9,10.64,115.9,63.25,12.92
2022/3/4,52.9,51.5,90.35,5.38,355.8,61.05,10.42,114,61.95,12.82
2022/3/7,52.5,47.85,89.45,5.27,340,60.6,10.66,108.8,56.25,12.5
2022/3/8,53,48,91.1,5.13,340.4,62.4,10.18,104.6,55.9,12.18
2022/3/9,52.95,49.25,89.15,5.07,329,63.25,10.12,96.85,52,11.86
2022/3/10,55,49.15,90.55,5.22,338,63.7,10.1,100.4,54,12.12
2022/3/11,54.55,48.85,91.45,5.1,346.6,64.35,9.79,97.85,53.25,12.08
2022/3/14,54.3,49.6,90.75,4.86,333.4,64.1,9.47,86.6,44.9,11.8
2022/3/15,52.45,49.2,87.8,4.34,322.4,62.7,8.92,87.55,40.95,11.02
2022/3/16,52.75,49.2,88,4.49,360.4,62.75,9.19,99.95,47.25,11.5
2022/3/17,55,51.2,93.1,4.74,382.6,65.55,9.52,104.5,56.6,12.14
2022/3/18,57.1,51.4,94.9,4.8,378.6,65.65,9.84,100.8,53.55,12.42
2022/3/21,57.35,51.35,93.9,4.69,374.2,66.6,9.92,100.5,55.6,12.12
2022/3/22,57.55,52.35,95.25,4.78,380,67.15,10.36,105.4,58.35,12.18
2022/3/23,57.75,53.15,95.45,4.78,382.8,66.35,10.2,97.9,65.3,12.32
2022/3/24,58.15,52.7,95,4.81,384,66.55,10.34,101.7,69.4,12.26
2022/3/25,58.25,52.8,95.75,4.69,373.6,67.35,10.26,97.4,63.6,11.98
2022/3/28,58.35,53.75,95.65,4.74,372.4,67.25,10.64,96.1,65.05,11.92
2022/3/29,58.2,53.5,94.75,4.81,372,67.3,10.92,98.2,67.85,11.82
2022/3/30,58.75,53.95,95.25,4.99,376.2,67.65,11.12,100.5,69.2,12.06
2022/3/31,57.55,54.2,93.6,4.95,371.4,67,10.74,98.4,65.05,12.04
2022/4/1,57.95,54.35,94.5,5.02,366,67.65,10.94,97.3,65.85,12.16
2022/4/4,57.6,54.05,94.05,5.19,370.8,67.6,11.12,98.5,69.55,12.44
2022/4/6,56.95,53.7,95.05,5.1,358.4,67.85,11.7,93.45,68.6,12.24
2022/4/7,55.9,53.45,94,5.06,354.8,68,11.36,94.3,65,12.08
2022/4/8,56.5,53.95,94.35,5.13,355.4,68.85,11.66,89.35,65.25,12.26
2022/4/11,56.95,54.05,93.85,5.1,343.2,68.1,11.16,85.25,61.65,12
2022/4/12,56.4,53.35,93.45,5.16,343.4,67.45,11.06,91.1,62.65,12
2022/4/13,56.7,53.3,93.3,5.05,340.8,67.3,11.46,89.3,61.4,12.08
2022/4/14,56.75,53.25,95,5.24,341.8,67.6,11.56,93.1,63.6,12.16
2022/4/19,57.1,53.45,95.3,5.26,331,69.15,11.64,88.25,60.25,11.98
2022/4/20,57.25,53.95,94.4,5.44,326.2,67.95,11.16,89.6,60.1,11.94
2022/4/21,57.9,55,94.6,5.44,322.8,68,10.88,89.45,56,11.92
2022/4/22,57.1,54.15,94.25,5.42,335.6,67.95,11,92.65,56.8,11.94
2022/4/25,55.85,51.65,93.4,5.36,323.4,68,10.2,85,53.65,11.44
2022/4/26,54.8,49.5,93.4,5.47,321.8,67.9,9.8,86.8,55.5,11.12
2022/4/27,54.8,48.1,91.75,5.38,321.4,67.2,10.46,88.2,55.05,11.1
2022/4/28,55.65,48.85,91.85,5.6,325.8,67.85,10.84,89,55.2,11.26
2022/4/29,55.2,48.55,90.95,5.45,337.8,68.1,11.22,91.85,60,11.52
2022/5/3,54.65,49.8,91.45,5.44,341.8,67.25,11.1,91.85,60.4,11.58
2022/5/4,55.95,50.75,93.5,5.43,337.2,67.75,10.94,89.2,57.3,11.6
2022/5/5,55.85,50.45,94.1,5.5,341.6,67.1,11.02,89.15,54.2,11.56
2022/5/6,55.05,49,92.8,5.32,327.6,67,10.9,83.5,50.4,11.28
2022/5/10,54.5,48.45,90.25,5.26,325.6,66.4,10.52,81.2,49.4,11.2
2022/5/11,54.2,48.4,90.7,5.35,325.4,66.5,10.52,86.4,52.6,11.2
2022/5/12,53.55,46.75,90.5,5.33,321,66.55,10.52,85.45,51.1,11.14
2022/5/13,54.6,47.75,94,5.42,328.6,68.35,10.66,85.15,51.9,11.2
2022/5/16,54.65,47.9,94.3,5.49,326.2,68.4,10.68,86.05,53.05,11.06
2022/5/17,55.45,48.6,95.2,5.65,340,68.75,10.98,88,54.3,11.38
2022/5/18,55.7,48.35,95.2,5.7,341.4,68.65,11.08,89,52.95,11.36
2022/5/19,55.4,47.55,94.4,5.64,331,68.85,10.82,83.4,52.2,11.32
2022/5/20,56.55,48.45,95.1,5.76,336,70.3,11.14,84,56.3,11.56
2022/5/23,56.4,48.45,94.95,5.84,331.4,69.85,11.3,81.15,56.25,11.56
2022/5/24,54.15,49.4,94.8,5.8,324.8,69.65,11.22,79.35,53.1,11.5
2022/5/25,54.6,50.95,95.4,5.85,324.6,69.75,11.42,78.75,53.3,11.46
2022/5/26,55.1,51.2,95.5,5.86,325.2,69.95,11.6,78.1,50.65,11.5
2022/5/27,55.95,51.95,96.9,5.92,330.8,70.35,12,82,54.3,11.74
2022/5/30,55.85,52.4,97.15,5.98,338,71.3,12.16,86.85,56.4,11.92
2022/5/31,55.7,52.1,95.9,6.02,339.2,71.05,12.42,89.5,58,12.04
2022/6/1,56,52.5,97.25,6.03,344,71.2,12.2,88.85,56.85,12.04
2022/6/2,55.55,52.3,96.1,6.13,342,71.3,12.04,86,57,11.96
2022/6/6,55.1,52.65,96.6,6.18,347.6,72,12.2,92.25,62.9,12.22
2022/6/7,54.85,51.75,96.25,5.99,352.2,70.9,12.1,90.75,64.65,12.24
2022/6/8,54.35,51.25,95.55,5.88,361.2,70.3,12.36,94.45,69.85,12.3
2022/6/9,53.45,50.6,96.3,5.76,355.4,69.75,11.42,90.3,71.1,12.18
2022/6/10,53.4,49.95,96,5.61,355.2,69.1,11.38,91.6,69,12.26
2022/6/13,53.15,48.7,94.4,5.61,342,68.8,11.28,87.8,65,11.96
2022/6/14,53,49.55,93.3,5.59,341.6,68.4,11.18,87.2,65,12
2022/6/15,52.6,49.9,91.9,5.67,355.4,68.15,11.02,87.4,68,12.64
2022/6/16,52.6,49.8,90.8,5.58,348.8,65.2,10.6,83.95,65.15,12.4
2022/6/17,51.7,49.65,90.7,5.62,356,63.2,10.52,84.25,67,12.66
2022/6/20,52.3,49.55,91.5,5.61,358.4,63.4,10.14,86.25,67.7,12.68
2022/6/21,52.65,51.4,93.1,5.59,364.2,64.5,10.22,88.55,71.1,13.18
2022/6/22,52.3,50.65,92.05,5.57,359.8,63.35,9.83,84.1,69.1,13.06
2022/6/23,52.45,50.65,92.2,5.58,359.4,63.4,10,83.4,69.95,13.48
2022/6/24,52.85,50.8,92,5.6,374.2,63.75,9.86,88.8,77.2,13.42
2022/6/27,53.3,51.8,92.9,5.78,400.2,64.8,10.12,95.95,76.65,13.54
2022/6/28,54.1,52.05,93.9,6.06,396.6,65.25,10.48,98,75.05,13.64
2022/6/29,53.35,51.9,93.8,6.06,384.6,65.05,10.44,93.15,72.65,13.58
2022/6/30,53.05,51.65,92.7,6.06,386,64,10.36,96.4,71.8,13.66
2022/7/4,53.3,51.25,92.8,6.08,374,63.6,10.28,96,77.55,13.5
2022/7/5,53.15,50.9,93.6,6.05,370.4,63.65,10.4,98.45,82.6,13.54
2022/7/6,52.65,49.1,93.95,5.81,367.8,64.4,9.9,95.45,83.25,12.48
2022/7/7,52.8,49.65,93.35,5.88,370.6,64.75,9.84,97.9,82.7,12.54
2022/7/8,53.2,49.8,93.9,5.87,375.8,64.85,9.89,99.15,80,12.62
2022/7/11,52.8,49,92.9,5.84,366.4,64.15,9.84,92.3,77.05,12.38
2022/7/12,53,49.05,92.9,5.8,363.6,63.9,9.8,94.9,74.85,12.3
2022/7/13,53.3,49.1,93.1,5.88,360.8,64.8,9.58,94.65,75.75,12.16
2022/7/14,52.3,49,91.95,5.88,362,64.3,9.47,94.15,79.45,11.98
2022/7/15,52.25,47.7,91.6,5.76,352,64,9.32,92.2,76,11.64
2022/7/18,53.45,49.15,92.65,5.89,355.8,64.85,9.85,94.5,76.35,11.9
2022/7/19,52.9,48.8,91.95,5.85,351.4,64.35,9.96,91.6,77.55,11.76
2022/7/20,52.95,49.25,92.1,5.92,360,64.3,10,93.85,79.55,11.76
2022/7/21,52.4,48.2,91.15,5.88,352.8,63.3,9.79,92.5,80.45,11.68
2022/7/22,52.1,48.6,91,5.9,351.6,63.85,9.85,91.2,81.85,11.74
2022/7/25,52,48.85,91.5,5.88,355.8,64.4,9.77,91.6,78.9,11.72
2022/7/26,53.05,50.1,92.65,5.93,368.2,64.8,10,92.6,81.15,11.88
2022/7/27,52.45,49.9,92.85,6.01,367.4,64.75,9.94,89.45,77.8,11.8
2022/7/28,52.3,49.6,93.05,5.98,367.6,65.15,10.1,88.6,76.95,11.76
2022/7/29,52.05,49.4,93.75,5.94,359,65.7,10,86.35,74.55,11.68
2022/8/1,52.15,51.85,92.65,5.82,362.4,66.25,10.04,86.85,73.8,11.62
2022/8/2,50.85,51,91.1,5.79,350.4,64.95,9.75,85.05,71.1,11.32
2022/8/3,50.95,51,90.95,5.76,349,64.6,9.67,84.8,71.75,11.24
2022/8/4,51.4,51.6,91.85,5.65,356.8,65.6,9.63,85.15,74.85,11.36
2022/8/5,52.2,51.1,93.35,5.7,358,66.1,9.51,87.7,74.15,11.52
2022/8/8,51.9,51.8,93.7,5.65,356.2,66.1,9.63,85.35,73.95,11.54
2022/8/9,52.45,52.1,95.7,5.61,352.4,65.55,9.66,85.5,74.5,11.58
2022/8/10,52.05,51.95,94.05,5.51,344.2,65.05,9.57,82.7,67.6,11.4
2022/8/11,52.6,52.5,95.85,5.51,348,66.15,9.76,87.45,71.95,11.72
2022/8/12,52.9,52.6,95.75,5.46,348.6,66.4,10,87.4,70.85,11.76
2022/8/15,52.55,52.2,95.35,5.49,346.8,65.75,9.85,87.3,70.3,11.48
2022/8/16,52.55,51.85,95.75,5.43,346.6,64.9,9.58,85.3,70,11.28
2022/8/17,52.1,51.95,96.5,5.51,341.2,64.9,9.65,87.25,69.75,11.38
2022/8/18,52.1,50.45,95.85,5.51,334.4,64.05,9.59,84.9,71.7,11.24
2022/8/19,52.3,50.35,95.95,5.46,334.2,63.15,9.68,85.45,68.2,11.3
2022/8/22,52.6,49.3,95.75,5.42,330,62.95,9.83,88.45,67.85,11.24
2022/8/23,51.85,49.05,94.75,5.33,327.4,61.7,10.16,92,66.25,11.1
2022/8/24,50.7,48.55,93.3,5.26,320,61,10.32,95.65,65.5,11.16
2022/8/25,51.35,49.05,93.4,5.45,331.6,61.55,10.82,96.85,68.45,11.48
2022/8/26,52.2,49.1,94.05,5.43,328.8,61.75,10.7,96.65,72.05,11.38
2022/8/29,51,48.75,93.5,5.43,321.2,61.6,10.86,95.1,70.85,11.22
2022/8/30,51.15,49.15,93.3,5.4,316.4,61.4,10.88,93.5,69.9,11.2
2022/8/31,50.75,48.6,92.3,5.36,317.8,60.85,10.64,94.9,69.7,11.28
2022/9/1,50.1,48.25,92.5,5.27,311.4,60.8,10.58,92.15,67.95,11.2
2022/9/2,50.05,48.1,92.8,5.22,314.4,61.9,10.48,90.85,66.45,11.12
2022/9/5,48.95,47.8,92.9,5.26,306.4,61.85,10.74,88.55,64,11.06
2022/9/6,48.55,48.8,93.3,5.2,306.8,61.7,10.12,89.95,64.1,11.1
2022/9/7,47.75,47.8,93.6,5.26,304.4,62.05,9.93,89.5,63.3,11
2022/9/8,47.35,47.6,94.05,5.13,302,62.2,9.57,88.8,62.95,10.98
2022/9/9,47.85,48.05,95.5,5.2,311,62.3,9.77,92.5,66.7,11.34
2022/9/13,48.8,48.85,96.55,5.42,308.8,62.85,9.94,95.85,53.4,11.4
2022/9/14,48.05,47.6,95.05,5.38,300.6,61.4,10.16,93.25,50.8,11.14
2022/9/15,48.25,47.4,95.05,5.36,303.6,61.1,10.32,92.2,54.15,11.2
2022/9/16,48.95,47.6,95.4,5.39,295.6,61.65,10.08,91.4,51.85,11.02
2022/9/19,48.2,47.7,95.3,5.29,291.4,62.25,10,89.95,49.25,10.98
2022/9/20,48.3,48.35,96.1,5.43,292.6,62.95,10.08,92.2,49.45,10.96
2022/9/21,48,47.4,94.7,5.38,289.2,62.05,10.3,89.25,48.4,10.8
2022/9/22,47.35,45.7,93.65,5.47,281,61.35,10.22,87.8,47.65,10.54
2022/9/23,47.15,45.7,93.05,5.25,277.4,60.95,10.22,86.35,46.4,10.56
2022/9/26,44.4,42.25,91.7,5.13,279.6,59.15,9.65,89,47.95,10.34
2022/9/27,45.25,42.45,91.05,5.22,280.8,56.65,9.58,89.55,48.9,10.26
2022/9/28,43.45,40,88.9,4.97,273.4,54.55,9.39,87.3,48.35,10.04
2022/9/29,43.15,40.4,86.85,4.91,269.6,54.25,9.3,86.9,47.7,9.83
2022/9/30,43.4,41.25,86.85,4.95,269.6,54.9,9.41,83.2,47.4,10.06
2022/10/3,43.3,40.35,86.9,4.87,266.6,54.75,9.48,83.2,48.3,9.76
2022/10/5,45.55,42.65,90.3,5.2,284.8,56,9.77,91.9,50.35,10.18
2022/10/6,45.25,42.25,90.9,5.12,284.4,54.95,9.89,91.35,49.75,10.12
2022/10/7,44.65,41.25,90.8,5.11,281,54.85,9.9,90.75,48.2,10.06
2022/10/10,43.7,40.35,89.55,5.07,272.6,53.15,9.83,85.9,47,9.85
2022/10/11,43.3,39.7,89.55,5.01,268.4,53.3,9.68,83.3,46.25,9.73
2022/10/12,42.6,38.7,88.25,4.92,270.2,52.25,9.58,82.9,47,9.78
2022/10/13,42.45,38.75,90.6,4.81,258.4,52.05,9.52,79.05,47.1,9.68
2022/10/14,42.5,40.55,91.25,4.75,246.6,51.5,9.66,81.6,51.15,9.82
2022/10/17,42.5,41.15,91.7,4.81,252.2,51.9,9.84,81.75,50.15,9.81
2022/10/18,42.45,42.2,92.8,4.75,258,52.6,9.89,78.8,50.4,9.9
2022/10/19,42.3,41.65,89.5,4.7,252.8,51.6,9.85,76.2,47.2,9.72
2022/10/20,42.3,41.8,90.95,4.6,255.8,51,9.88,76.8,42.7,9.75
2022/10/21,41.3,41.55,90.5,4.67,252,48.6,9.95,78,42.15,9.69
2022/10/24,40.6,42.1,88.7,4.46,228.2,47.8,9.76,72.1,38.9,8.93
2022/10/25,40.3,39.95,85.95,4.5,224,47.15,9.76,73.85,38.7,8.88
2022/10/26,40.35,40.25,85.9,4.26,233.6,48.1,9.73,74.75,40,8.95
2022/10/27,40.45,40.7,86.4,4.22,225.8,47.9,9.8,74.05,39.75,9.03
2022/10/28,39.95,40.05,85.35,4.01,214.8,48.45,9.77,71.75,38.8,8.8
2022/10/31,39,40.25,84.45,3.97,209,46.4,9.36,69,35.5,8.55
2022/11/1,39.25,41.05,85.9,4.03,226.4,47.9,9.67,73.4,37.95,8.84
2022/11/2,40.2,41.4,87.35,4.13,236.2,49.3,9.88,76.8,39.9,9.04
2022/11/3,39.9,40.3,86.45,4.01,229.8,48.8,9.72,72,39.25,8.78
2022/11/4,41,41.45,88.25,4.27,246.2,49.8,9.88,77.8,43.35,9.41
2022/11/7,41.85,43,84.2,4.35,259.6,51.75,10.14,80.1,47,9.66
2022/11/8,42.25,43,85.2,4.34,261.6,51.85,10.2,79.7,46.8,9.65
2022/11/9,41.6,43,84.85,4.26,260,49.8,10.18,78.75,44.6,9.62
2022/11/10,40.85,42.5,85.85,4.27,255.8,50.95,10.1,77.1,43.75,9.49
2022/11/11,42.35,43.4,89.4,4.57,284.6,54.45,10.32,83,50.95,10.16
2022/11/14,42.4,43.65,91.9,4.49,291.8,55,10.32,85.15,51.55,10.52
2022/11/15,44.15,44.7,92.65,4.57,309.2,56.5,10.48,87.4,54,10.8
2022/11/16,44.2,44.35,92.75,4.47,304.8,56.1,10.44,88.25,54.05,10.52
2022/11/17,44.2,44.35,91.95,4.47,303.4,55.75,10.38,87.6,52.3,10.62
2022/11/18,43.55,44.15,91.25,4.33,301,55.1,10.2,88.75,51.65,10.52
2022/11/21,43.65,44.35,91.1,4.34,292.2,53.3,10.04,86.5,50.8,10.36
2022/11/22,43.7,44.75,91.3,4.34,284.8,53.15,10.16,83.95,49,10.76
2022/11/23,43.9,45.2,90.95,4.38,288.6,50.65,10.26,83,48.3,10.84
2022/11/24,43.9,46,91.85,4.39,291.4,51.6,10.2,83.35,48.55,10.94
2022/11/25,43.55,46,92.2,4.41,287.6,51.85,10.24,81.6,47.75,11.22
2022/11/28,43.4,45.6,91.05,4.43,279,50.95,10.06,81.15,47.35,10.76
2022/11/29,44.25,46.25,92.7,4.5,300,52.6,10.18,87.65,48.95,11.64
2022/11/30,45.3,47.25,93.7,4.57,306,52.5,10.2,90.9,50.15,11.86
2022/12/1,44.75,47.3,93.6,4.5,317.2,53.3,10.1,92.55,50.65,11.86
2022/12/2,44,46.9,93.7,4.52,315.2,52,9.97,92.7,51.8,11.82
2022/12/5,44.65,47.2,93.5,4.5,329.4,52.6,10.06,98.45,55.05,12.6
2022/12/6,44.55,47.35,95.35,4.58,330,53.15,10.04,96.5,53.1,12.3
2022/12/7,43.7,46.65,97.3,4.46,321.2,52.5,9.94,94.35,50.8,11.86
2022/12/8,44.4,47.05,98.25,4.52,335.6,54.4,9.81,97.3,55.55,12.14
2022/12/9,45.45,47.2,102.5,4.63,345.8,55.5,9.82,100.4,53.9,12.4
2022/12/12,45.25,47.6,100.9,4.65,339.2,55.4,9.85,96.4,51.85,12.16
2022/12/13,45.2,47.7,106.3,4.63,343.2,57.55,10,96.2,51.35,12.08
2022/12/14,45,48.05,104.7,4.56,343.6,56.9,10.06,97.6,50.8,12
2022/12/15,44.85,47.2,104.2,4.5,335,55.75,9.99,97.2,48.65,11.94
2022/12/16,45.45,47,105.1,4.63,332.8,55.65,10,99.1,51.3,12.22
2022/12/19,45.25,46.95,105.1,4.49,329.6,55.35,9.95,98.45,50.2,12.04
2022/12/20,45.8,46.75,103.7,4.49,325,55,9.87,97.75,50,12
2022/12/21,45.5,47.5,103.5,4.47,327.8,55.15,9.82,97.6,51.25,12.2
2022/12/22,46.4,48.2,105.5,4.58,337.4,56.35,9.81,102.4,52.35,12.48
2022/12/23,46.2,47.9,105.9,4.52,340,56.25,9.81,102.8,54.05,12.56
2022/12/28,47.25,48.5,105.2,4.63,342.6,56.6,9.98,103,57.8,13.06
2022/12/29,46.55,48.4,104.8,4.55,340,56.8,9.94,101.3,59.55,13.06
2022/12/30,46.85,48.55,106.8,4.54,337.2,57.3,9.98,102.3,59.85,13.4
